,ELECTRE-III,weighted_average
precision,0.59108,0.8776599999999999
top_popular_visit_share,0.15099611713902095,0.10244221069056864
district_visit_gini,0.43158906992778606,0.27041767971840186
low_pressure_district_share,0.6412526762710019,0.4890227528395689
top10_overlap,0.60926,0.60926
