strategy,precision,recall,f1,ndcg,diversity,novelty,coverage,personalisation,poi_visit_gini,district_visit_gini,exposure_gini,overcrowded_pois,top_popular_visit_share,visited_low_pressure,visited_environmental,visited_accessibility,visited_cultural,visited_local_economy,low_pressure_district_share
popularity,0.17765999999999998,0.11722113905359516,0.1412467927321499,0.18131021688493854,0.5348112417584648,4.581436811710475,0.12987012987012986,0.0,0.8622138104302346,0.5517763181768698,0.8701298701298701,9,0.6668723010487353,0.5353693572185878,0.08077802373262692,0.7980730848786153,0.8153354864462751,0.2754252302858447,0.2351489639655986
interests,0.87798,0.7383135540406253,0.8021123793460296,0.9977726926419893,0.3334720918879958,9.052289820924006,0.961038961038961,0.8608402100525131,0.27725861249103984,0.471658743694887,0.16237298701298702,0,0.13531951954131435,0.5174135482886237,0.11949776826214754,0.6886816416881373,0.5832855535798527,0.3081269805763769,0.3174511013535581
sustainability,0.59108,0.4314053681196828,0.4987750298219128,0.6450210382248224,0.5258535696279916,8.620080697208332,0.974025974025974,0.6647161790447612,0.658123021515263,0.43158906992778606,0.6259838961038962,5,0.15099611713902095,0.8599291384239232,0.253692346772145,0.7536197699314149,0.7284864099865732,0.47336797221498944,0.6412526762710019
random,0.18134,0.13076887915389784,0.15195741056809137,0.19111235275716912,0.6059609793173214,9.563365823811758,1.0,0.872068017004251,0.07031847566013114,0.404409043074355,0.019621298701298702,0,0.08832601516855972,0.557517706702887,0.13553725006350473,0.661356461153246,0.5614108937837936,0.33362183711807525,0.33577675363791415
