strategy,precision,recall,f1,ndcg,diversity,novelty,coverage,poi_visit_gini,district_visit_gini,exposure_gini,overcrowded_pois,top_popular_visit_share,visited_low_pressure,visited_environmental,visited_accessibility,visited_cultural,visited_local_economy,low_pressure_district_share
popularity,0.18272,0.11915657186707027,0.1442462969344861,0.18523805632041704,0.5348112417584648,4.581436811710475,0.12987012987012986,0.8622468407571303,0.5492005099253323,0.8701298701298701,9,0.6657075213986523,0.5339717935587557,0.0820615552722637,0.7968129666727372,0.8144236022582407,0.27578242263773184,0.23267164450919686
interests,0.87698,0.7346752152422401,0.7995450443366682,0.9979277787841542,0.333982017344355,9.051458855733589,0.961038961038961,0.2820028996681701,0.46954288836277547,0.16548,0,0.13676925878710616,0.518936260181195,0.1167364778728829,0.691130941540703,0.5853906392278273,0.3090296027117495,0.31753778910945185
sustainability,0.5997600000000001,0.437599324587557,0.5060051318649539,0.654971800420976,0.5248223329161927,8.62076742335355,0.961038961038961,0.6556220686980111,0.4321435075578219,0.6220690909090909,5,0.14988162447641595,0.8569604000270279,0.24782371152795485,0.7554725915133855,0.7306064469131306,0.47095086608955167,0.6391914041158259
random,0.18468,0.1322648800132804,0.15413833496744997,0.19482147972554661,0.6059609793173214,9.563365823811758,1.0,0.0678777787501153,0.40074667637953015,0.019621298701298702,0,0.09003824439992715,0.5585401132624548,0.1337097067929339,0.6617556000728465,0.5609542888362775,0.33472401211302416,0.3342560553633218
